Country,City,Latitude,Longitude,index_x,Temperature,Humidity,Cloudiness,Wind Speed (mph)
co,restrepo,3.822034,-76.522423,7240.0,69.8,83.0,40.0,282.0
co,cumbitara,1.651744,-77.582248,6798.0,57.87,100.0,93.0,153.0
gy,lethem,3.3833333,-59.8,14738.0,74.62,84.0,51.0,245.39999999999998
co,chipaque,4.4425,-74.044167,6736.0,51.8,93.0,40.0,81.60000000000001
co,el castillo,3.563629,-73.794885,6823.0,69.06,69.0,62.0,147.6
my,beranang,2.8733,101.8697,24977.0,89.29,66.0,40.0,282.0
my,tampin,2.4701,102.2302,25083.0,88.0,66.0,20.0,282.0
cd,watsa,3.05,29.533333,5200.0,65.59,100.0,99.0,119.4
ug,mubende,0.5891667,31.36,41998.0,64.31,57.0,83.0,158.4
so,afmadu,0.5172222,42.0711111,39854.0,78.39,71.0,94.0,838.8000000000001
cm,bonaberi,4.0844444,9.6661111,5746.0,75.2,100.0,75.0,233.4
ga,cocobeach,0.9833333,9.6,12194.0,75.2,88.0,20.0,617.4
co,sapuyes,1.033333,-77.6,7376.0,40.87,99.0,78.0,429.6
co,ansermanuevo,4.797222,-75.995,6597.0,66.63,86.0,90.0,45.6
co,guacari,3.763828,-76.332916,6906.0,69.8,83.0,40.0,282.0
co,sotara,2.254617,-76.610856,7413.0,49.24,91.0,83.0,334.20000000000005
cm,yabassi,4.4544444,9.9655556,5804.0,75.2,100.0,75.0,58.8
mv,thinadhoo,0.5333333,72.9333333,23238.0,81.79,82.0,100.0,1230.6000000000001
ec,otavalo,0.2333333,-78.2666667,10353.0,53.6,81.0,75.0,67.2
et,moyale,3.569167,39.083333,11196.0,66.27,70.0,95.0,983.9999999999999
co,almaguer,1.917,-76.852331,6579.0,53.24,86.0,93.0,310.2
co,suaza,1.976108,-75.79454,7418.0,62.49,81.0,76.0,148.8
co,argelia,2.25563,-77.248762,6614.0,63.55,75.0,91.0,92.4
co,san luis,4.132578,-75.094994,7324.0,74.37,61.0,98.0,168.0
co,ortega,3.936105,-75.221692,7128.0,75.87,58.0,95.0,221.4
my,sri aman,1.247222,111.452778,25076.0,89.29,66.0,40.0,201.6
co,quimbaya,4.623056,-75.762778,7227.0,60.6,89.0,99.0,202.79999999999998
ph,koronadal,6.503056,124.846944,28481.0,88.92,64.0,29.0,148.8
sd,tambura,5.6,27.4666667,39380.0,68.43,98.0,100.0,351.6
ph,kinangan,6.301389,125.585,28469.0,85.21,67.0,44.0,171.6
co,suaita,6.101404,-73.440412,7414.0,56.01,94.0,90.0,231.0
ph,polomolok,6.221666,125.063982,29546.0,84.45,69.0,27.0,294.0
my,tanah merah,5.8,102.15,25084.0,89.29,66.0,40.0,415.79999999999995
ph,kinamayan,7.499444,125.673611,28468.0,89.6,62.0,75.0,483.00000000000006
co,sutatausa,5.247794,-73.852378,7430.0,51.8,93.0,40.0,255.0
ph,kulasi,5.9052,120.9569,28484.0,84.52,73.0,55.0,384.0
in,sivaganga,9.866667,78.483333,19468.0,93.2,49.0,20.0,201.6
ph,bindoy,9.759,123.1412,27445.0,85.12,65.0,100.0,136.79999999999998
sl,yamandu,8.1833333,-11.8,39793.0,69.8,98.0,100.0,83.39999999999999
et,hagere selam,6.483333,38.516667,11175.0,48.29,96.0,99.0,300.59999999999997
pa,sona,8.0166667,-81.3166667,26559.0,76.39,92.0,96.0,117.0
co,manzanares,5.324722,-75.156944,7048.0,52.48,94.0,97.0,141.0
co,la union,8.860556,-75.280556,7001.0,75.69,95.0,77.0,318.0
pa,buena vista,9.2747222,-79.6952778,26367.0,79.36,83.0,100.0,282.0
co,sogamoso,5.714344,-72.933908,7402.0,49.17,83.0,81.0,136.79999999999998
co,pauna,5.658611,-73.9825,7160.0,63.55,79.0,88.0,377.4
in,kombai,9.833333,77.316667,18305.0,87.89,53.0,97.0,170.39999999999998
co,cordoba,9.633333,-74.783333,6778.0,76.98,91.0,99.0,224.4
ph,libas,6.535556,124.778889,28624.0,89.74,62.0,16.0,173.4
ph,mahayag,9.9349,124.3164,28868.0,87.8,70.0,75.0,415.79999999999995
ph,la paz,8.270833,125.799722,28566.0,89.24,80.0,32.0,99.6
ph,cagayan de oro,8.481111,124.643056,27691.0,82.99,82.0,46.0,600.0
co,sucre,8.81136,-74.720839,7422.0,75.96,97.0,70.0,112.8
ng,ankpa,7.370575,7.6253,25232.0,71.35,95.0,97.0,401.40000000000003
ph,tugdan,12.3134,122.0853,30569.0,86.02,64.0,100.0,382.8
gt,sansare,14.747222,-90.1125,14652.0,64.4,68.0,40.0,832.1999999999999
gt,santa maria ixhuatan,14.19,-90.274722,14677.0,64.4,68.0,40.0,832.1999999999999
ph,manatal,14.816667,120.9,28988.0,89.85,49.0,93.0,550.2
ph,rizal,14.1095,121.3913,29658.0,88.45,49.0,100.0,550.2
kh,sisophon,13.5833333,102.9833333,22093.0,95.41,48.0,96.0,154.2
in,shoranur,10.766667,76.283333,19402.0,82.4,78.0,75.0,282.0
ph,lalig,13.976389,121.3275,28525.0,87.28,49.0,100.0,550.2
ph,san mateo,14.6982,121.1236,29928.0,89.65,49.0,100.0,550.2
ph,langub,10.833333,123.566667,28550.0,85.08,69.0,99.0,270.0
sv,la union,13.3369444,-87.8438889,39939.0,77.81,80.0,0.0,97.8
in,ponneri,13.316667,80.2,19047.0,82.4,94.0,90.0,282.0
in,peravurani,10.3,79.183333,18994.0,90.03,54.0,95.0,73.8
ph,balete,13.019167,124.031944,27219.0,85.21,63.0,99.0,347.4
ph,santa monica,10.736389,122.453333,30079.0,86.13,68.0,99.0,166.2
lc,cap estate,14.0833333,-60.95,22262.0,80.02,83.0,20.0,832.1999999999999
ph,dao,11.3937,122.6856,28022.0,81.52,82.0,100.0,53.4
mq,ducos,14.5666667,-60.9833333,23056.0,79.38,94.0,40.0,134.4
gt,san pedro ayampuc,14.786667,-90.451111,14643.0,64.4,68.0,40.0,832.1999999999999
ph,matalom,10.283056,124.787778,29084.0,87.66,60.0,97.0,237.6
ph,luntal,14.0292,120.7174,28767.0,91.18,49.0,95.0,550.2
bf,kaya,13.0916667,-1.0844444,1872.0,77.61,74.0,58.0,577.1999999999999
in,madukkarai,10.9,76.966667,18462.0,86.0,58.0,20.0,349.20000000000005
hn,gualjoco,14.95,-88.2333333,14918.0,71.01,89.0,17.0,46.800000000000004
hn,san pedro de tutule,14.25,-87.85,15170.0,75.2,94.0,20.0,765.0
ph,pawing,11.18,125.002778,29475.0,81.07,79.0,100.0,183.6
hn,san antonio,14.3,-89.0,15119.0,62.42,100.0,68.0,288.59999999999997
mx,cuautitlan izcalli,19.646944,-99.246667,23703.0,60.89,59.0,40.0,349.20000000000005
gt,san benito,16.916667,-89.9,14589.0,73.13,95.0,21.0,108.60000000000001
mm,paungde,18.4833333,95.5,23021.0,88.95,68.0,98.0,644.4
th,pa sang,18.526167,98.939361,40230.0,88.54,55.0,75.0,282.0
in,dandeli,15.266667,74.616667,17500.0,78.8,74.0,40.0,415.79999999999995
ph,nabannagan,18.071486,121.533751,29183.0,93.27,46.0,53.0,255.0
mx,tepeaca,18.966667,-97.9,24649.0,64.0,66.0,3.0,60.6
ph,cabangan,15.158,120.0569,27650.0,91.4,49.0,75.0,415.79999999999995
in,varca,15.216667,73.916667,19731.0,80.6,88.0,75.0,483.00000000000006
in,jagdalpur,19.066667,82.033333,17938.0,85.73,65.0,94.0,468.59999999999997
th,takhli,15.263361,100.343778,40310.0,95.0,56.0,68.0,180.0
mx,zacatepec,19.266667,-97.533333,24920.0,50.81,75.0,0.0,185.39999999999998
mx,ocampo,19.583333,-100.333333,24216.0,62.01,93.0,93.0,244.20000000000002
th,tak,16.869684,99.128979,40311.0,89.6,59.0,40.0,483.00000000000006
mx,arcelia,18.283333,-100.266667,23394.0,73.56,78.0,63.0,204.0
hn,casa quemada,15.1166667,-88.0833333,14796.0,71.11,93.0,17.0,68.39999999999999
mx,emiliano zapata,17.75,-91.766667,23783.0,76.6,91.0,98.0,114.0
mx,indaparapeo,19.783333,-100.966667,23903.0,60.26,93.0,75.0,158.4
ph,pando,15.393954,120.684731,29386.0,91.98,52.0,85.0,306.0
mx,tzintzuntzan,19.616667,-101.583333,24811.0,56.86,93.0,75.0,33.6
ph,nagbacalan,18.0892,120.6005,29188.0,87.8,79.0,75.0,349.20000000000005
ph,sison,16.173,120.51,30232.0,89.6,58.0,95.0,202.79999999999998
ph,daragutan,17.0,122.033333,28030.0,91.71,55.0,69.0,46.800000000000004
ph,san carlos,15.5448,120.8931,29781.0,92.77,50.0,83.0,385.2
do,comendador,18.8775,-71.7027778,10236.0,71.46,83.0,31.0,87.0
mx,joquicingo,19.05,-99.466667,23980.0,60.04,81.0,75.0,201.6
us,barranquitas,18.1886111,-66.3066667,45352.0,74.21,93.0,29.0,91.2
mx,teocuitatlan de corona,20.116667,-103.4,24634.0,63.79,82.0,75.0,18.6
in,chaibasa,22.566667,85.816667,17355.0,91.4,63.0,75.0,415.79999999999995
mx,xicotencatl,23.016667,-98.883333,24877.0,81.0,83.0,47.0,174.60000000000002
mx,cuzama,20.733333,-89.316667,23727.0,78.04,83.0,40.0,201.6
in,barghat,22.033333,79.716667,17133.0,89.49,54.0,98.0,540.6
bd,sarishabari,24.7333333,89.8333333,1341.0,89.53,66.0,100.0,787.8000000000001
mx,tepepa,20.133333,-98.183333,24655.0,52.39,100.0,31.0,146.4
in,masila,22.580833,88.232778,18595.0,95.0,71.0,75.0,684.6
in,tarana,23.333333,76.033333,19568.0,84.83,68.0,55.0,871.1999999999999
in,naroda,23.083333,72.666667,18783.0,91.4,66.0,40.0,349.20000000000005
us,marathon,24.7133333,-81.0905556,42908.0,83.34,74.0,1.0,415.79999999999995
in,machalpur,24.133333,76.3,18442.0,89.78,60.0,32.0,879.0
in,tirodi,21.683333,79.7,19615.0,90.52,56.0,99.0,476.40000000000003
in,latehar,23.75,84.5,18421.0,90.27,58.0,45.0,515.4
in,ahmadabad,23.033333,72.616667,16840.0,91.4,66.0,40.0,349.20000000000005
mx,tetepango,20.1,-99.166667,24680.0,55.17,90.0,18.0,148.8
mx,vista hermosa,20.266667,-102.483333,24865.0,62.55,88.0,90.0,139.8
mx,el higo,21.766667,-98.466667,23765.0,74.32,91.0,5.0,232.20000000000002
in,sonamura,23.471944,91.266389,19485.0,87.8,84.0,75.0,201.6
mx,amatitan,20.833333,-103.716667,23356.0,63.82,82.0,75.0,20.400000000000002
in,pujali,22.465278,88.151667,19056.0,95.0,71.0,75.0,684.6
in,wardha,20.75,78.616667,19786.0,87.8,74.0,75.0,510.0
mx,cardonal,20.616667,-99.116667,23526.0,56.07,100.0,25.0,108.60000000000001
mx,juanacatlan,20.516667,-103.166667,23981.0,63.18,82.0,75.0,87.0
mx,bucerias,20.75,-105.333333,23474.0,78.91,78.0,90.0,483.00000000000006
cu,nueva gerona,21.8833333,-82.8,7737.0,82.94,75.0,60.0,510.0
in,kailasahar,24.333333,92.016667,18060.0,86.31,81.0,94.0,469.8
in,muradnagar,28.783333,77.5,18685.0,84.2,83.0,90.0,349.20000000000005
us,westview,25.8816667,-80.2422222,43031.0,81.52,83.0,1.0,282.0
cn,dayong,29.129444,110.478333,5909.0,76.91,82.0,99.0,182.4
in,atraulia,26.333333,82.95,16992.0,88.61,67.0,94.0,577.1999999999999
qa,doha,25.286667,51.533333,32039.0,103.21,43.0,0.0,684.6
pk,rohri,27.692233,68.895062,30944.0,98.6,53.0,40.0,832.1999999999999
us,waggaman,29.9183333,-90.2108333,43659.0,80.17,74.0,20.0,282.0
np,butwal,27.7,83.45,26158.0,80.01,81.0,97.0,261.6
in,sabalgarh,26.25,77.4,19232.0,99.19,41.0,99.0,746.4
in,bagru,26.8084,75.5435,17040.0,91.4,63.0,40.0,550.2
in,puranpur,28.516667,80.15,19070.0,95.14,54.0,76.0,196.2
us,cocoa,28.3858333,-80.7422222,42805.0,80.85,83.0,20.0,483.00000000000006
cn,hongjiang,27.11,109.995556,6019.0,76.57,90.0,100.0,61.800000000000004
in,samalkha,29.233333,77.016667,19268.0,94.01,57.0,5.0,233.4
us,palm beach,26.7052778,-80.0366667,42949.0,80.24,78.0,40.0,550.2
in,uklana mandi,29.516667,75.866667,19675.0,100.98,41.0,15.0,359.40000000000003
cn,luqiao,28.580835,121.377148,6188.0,90.55,54.0,79.0,882.0
np,gulariya,28.2333333,81.3333333,26163.0,77.0,97.0,98.0,469.8
in,karari,25.45,81.433333,18145.0,100.08,41.0,67.0,806.4
mx,santa catarina,25.683333,-100.466667,24486.0,64.83,94.0,75.0,401.40000000000003
in,saharsa,25.883333,86.6,19248.0,84.61,80.0,99.0,586.8
eg,el balyana,26.2386111,32.0030556,10601.0,84.2,42.0,0.0,483.00000000000006
cn,xiongshi,28.288572,117.213291,6441.0,95.38,53.0,94.0,809.4
in,jaunpur,25.733333,82.683333,17996.0,87.8,74.0,75.0,282.0
mx,nuevo laredo,27.5,-99.516667,24205.0,78.87,78.0,20.0,550.2
bt,lhuntshi,27.65,91.15,4288.0,73.58,56.0,99.0,326.40000000000003
in,fatehpur,25.933333,80.8,17671.0,99.82,42.0,50.0,836.4
in,gangotri,30.983333,78.933333,17701.0,56.3,52.0,14.0,493.8
us,union city,33.5869444,-84.5425,43133.0,75.09,69.0,40.0,182.4
sy,nawa,32.8833333,36.05,40006.0,82.72,30.0,0.0,103.2
in,pulwama,33.883333,74.916667,19063.0,81.32,48.0,37.0,120.6
us,north augusta,33.5016667,-81.9652778,45485.0,77.76,69.0,1.0,349.20000000000005
mx,estacion coahuila,32.193889,-115.001667,23796.0,90.81,26.0,1.0,349.20000000000005
cn,hede,33.768056,120.251667,6004.0,81.3,87.0,100.0,1078.8
us,moss point,30.4113889,-88.5344444,44250.0,76.33,88.0,1.0,252.6
pk,faisalabad,31.416667,73.083333,30754.0,107.74,27.0,0.0,268.2
us,watauga,32.8577778,-97.2544444,45803.0,82.76,58.0,1.0,832.1999999999999
cn,taizhou,32.493333,119.910627,6352.0,75.58,92.0,100.0,240.0
us,wylie,33.015,-96.5386111,45814.0,82.09,74.0,1.0,349.20000000000005
jp,ueki,32.9,130.683333,21902.0,86.47,94.0,75.0,134.4
pk,dullewala,31.835867,71.436252,30750.0,107.06,23.0,0.0,260.4
in,bakloh,32.466667,75.916667,17062.0,83.43,57.0,0.0,322.2
us,placentia,33.8722222,-117.8694444,42481.0,66.76,68.0,1.0,201.6
ir,khorramabad,33.487778,48.355833,19921.0,95.0,23.0,5.0,155.39999999999998
in,akhnur,32.866667,74.733333,16856.0,89.6,62.0,40.0,415.79999999999995
in,jogindarnagar,31.983333,76.766667,18035.0,83.55,59.0,35.0,340.79999999999995
us,dallas,33.9236111,-84.8408333,43064.0,74.48,94.0,1.0,201.6
jp,ashiya,34.733333,135.316667,21234.0,87.26,52.0,75.0,550.2
in,dera baba nanak,32.033333,75.016667,17533.0,87.8,66.0,40.0,134.4
in,machhiwara,30.914722,76.198333,18444.0,98.8,42.0,6.0,257.4
us,carrollton,33.58,-85.0766667,43054.0,73.8,94.0,1.0,124.80000000000001
us,tifton,31.4502778,-83.5086111,43130.0,76.42,94.0,1.0,451.2
in,raipur,30.316667,78.1,19108.0,88.57,57.0,19.0,323.4
us,walnut park,33.9680556,-118.2241667,42610.0,64.53,77.0,1.0,369.0
us,hayward,37.6688889,-122.0797222,42345.0,60.89,77.0,1.0,415.79999999999995
it,carlentini,37.266667,15.016667,20227.0,73.38,94.0,40.0,282.0
jp,murayama,38.469722,140.414407,21604.0,81.27,74.0,20.0,1033.1999999999998
gr,moirai,35.05,24.8666667,13954.0,79.27,65.0,0.0,201.6
us,crofton,39.0016667,-76.6877778,43756.0,73.42,83.0,1.0,245.39999999999998
us,claymont,39.8005556,-75.46,42762.0,72.91,73.0,1.0,261.6
gr,nea peramos,38.0,23.4333333,13998.0,79.77,45.0,0.0,201.6
gr,orkhomenos,38.5,22.9833333,14048.0,76.12,47.0,0.0,349.20000000000005
tn,sajanan,37.057222,9.238056,40458.0,72.45,73.0,40.0,415.79999999999995
us,indianapolis,39.7683333,-86.1580556,43449.0,78.44,83.0,40.0,684.6
pt,santiago do cacem,38.016935,-8.69475,31783.0,60.51,100.0,90.0,201.6
cn,linxia,35.600278,103.206389,6162.0,75.18,33.0,14.0,343.8
pt,ventosa,39.12696,-9.084235,31850.0,62.78,93.0,20.0,282.0
us,marlton,39.8911111,-74.9222222,44569.0,73.63,88.0,87.0,319.20000000000005
us,oxford,39.5069444,-84.7452778,45085.0,75.43,100.0,1.0,282.0
it,mazara del vallo,37.65,12.583333,20599.0,72.99,83.0,20.0,134.4
gr,nea kios,37.5833333,22.75,13988.0,77.0,54.0,0.0,240.0
am,mrgavan,39.9661111,44.5333333,322.0,86.0,40.0,6.0,201.6
us,foster city,37.5586111,-122.27,42321.0,60.76,77.0,1.0,415.79999999999995
es,bunol,39.416667,-0.783333,10730.0,73.58,83.0,20.0,415.79999999999995
us,calverton,39.2894444,-76.6605556,43744.0,72.25,78.0,40.0,327.6
us,arnold,39.0319444,-76.5030556,43737.0,73.9,78.0,40.0,355.79999999999995
us,olney,39.1530556,-77.0672222,43808.0,74.08,88.0,1.0,232.20000000000002
cn,zhoucun,36.816667,117.816667,6543.0,75.0,86.0,100.0,60.6
ir,qorveh,35.1664,47.8045,19961.0,85.89,19.0,11.0,609.6
gr,gargalianoi,37.0666667,21.6333333,13582.0,80.8,44.0,0.0,483.00000000000006
gr,nerokouros,35.4833333,24.0333333,14031.0,81.79,58.0,0.0,166.2
pt,pampilhosa,40.335801,-8.427381,31713.0,63.48,82.0,75.0,349.20000000000005
fr,frejus,43.432858,6.735237,11621.0,71.17,78.0,75.0,201.6
us,monmouth,40.9113889,-90.6472222,43323.0,79.99,78.0,40.0,684.6
ru,shaami-yurt,43.226323,45.392033,38076.0,84.51,45.0,0.0,134.4
us,franklin,42.0833333,-71.3972222,43889.0,69.06,100.0,1.0,201.6
us,bolingbrook,41.6986111,-88.0683333,43211.0,80.47,78.0,1.0,832.1999999999999
us,livingston,40.7958333,-74.3152778,44561.0,74.23,88.0,1.0,308.4
ro,bobicesti,44.383333,24.15,32347.0,63.16,93.0,89.0,201.6
tj,adrasmon,40.6486111,69.9855556,40343.0,89.6,27.0,20.0,1207.8
ro,afumati,44.516667,26.266667,32075.0,73.29,68.0,91.0,550.2
us,bar harbor,44.3875,-68.2044444,43666.0,64.94,93.0,1.0,249.60000000000002
us,freeport,43.8569444,-70.1036111,43684.0,67.42,94.0,20.0,107.4
ge,vale,41.6186111,42.8627778,13139.0,80.6,74.0,75.0,201.6
ru,belorechensk,44.767329,39.874236,35349.0,75.11,64.0,3.0,537.0
us,plattsburgh,44.6994444,-73.4533333,44827.0,67.64,73.0,1.0,403.8
bg,guljanci,43.6333333,24.7,1954.0,68.63,88.0,75.0,134.4
us,scranton,41.4088889,-75.6627778,45323.0,67.55,73.0,1.0,550.2
ro,rovinari,44.916667,23.183333,34056.0,64.35,86.0,96.0,88.8
us,kenmore,42.9658333,-78.8702778,44768.0,72.88,69.0,20.0,493.8
bg,belene,43.65,25.1166667,1908.0,68.92,88.0,75.0,134.4
gr,proti,40.95,24.0,14180.0,73.51,60.0,8.0,119.4
us,dobbs ferry,41.0144444,-73.8730556,44723.0,75.49,88.0,1.0,319.20000000000005
ro,valea calugareasca,44.966667,26.15,34622.0,73.38,64.0,98.0,617.4
gr,kimina,40.6147222,22.6911111,13761.0,75.56,73.0,28.0,201.6
us,lockport,41.5894444,-88.0577778,43308.0,80.42,78.0,1.0,832.1999999999999
tr,karacakoy,41.402864,28.383381,40622.0,76.15,78.0,75.0,1100.4
ro,stancuta,44.9,27.833333,34332.0,75.2,60.0,40.0,201.6
us,andover,45.2333333,-93.2911111,44132.0,72.16,83.0,1.0,483.00000000000006
ro,agas,46.483333,26.216667,32077.0,66.34,93.0,75.0,134.4
cz,pohorelice,48.983333,16.516667,8208.0,62.74,88.0,20.0,134.4
de,vohringen,48.283333,10.083333,9779.0,60.37,77.0,20.0,24.0
ua,murovani kurylivtsi,48.723477,27.518919,41508.0,69.24,72.0,100.0,559.8
hu,sajokaza,48.283333,20.583333,15955.0,62.17,88.0,75.0,349.20000000000005
at,seekirchen,47.9,13.133333,730.0,57.58,93.0,75.0,617.4
us,escanaba,45.7452778,-87.0644444,44046.0,72.99,94.0,1.0,282.0
it,sondrio,46.166667,9.866667,21010.0,66.74,64.0,30.0,67.2
hu,battonya,46.283333,21.016667,15406.0,62.82,100.0,75.0,282.0
hu,tolna,46.426765,18.782476,16105.0,66.2,77.0,75.0,134.4
hu,bony,47.65,17.869772,15438.0,62.53,88.0,75.0,349.20000000000005
fr,orly,48.747921,2.392525,11899.0,62.87,63.0,74.0,201.6
ua,lysyanka,49.25229,30.829463,41462.0,69.15,71.0,87.0,403.8
ca,sainte-julienne,45.966667,-73.716667,4939.0,75.18,88.0,90.0,201.6
sk,kosice,48.7166667,21.25,39644.0,62.78,88.0,75.0,349.20000000000005
ro,darjiu,46.2,25.2,32873.0,64.06,93.0,40.0,134.4
ro,rodna,47.416667,24.816667,34032.0,55.99,90.0,100.0,245.39999999999998
ro,danesti,46.516667,25.75,32866.0,68.56,67.0,100.0,240.0
ro,beltiug,47.55,22.85,32292.0,64.78,93.0,100.0,483.00000000000006
cn,taikang,46.833333,124.416667,6348.0,80.64,48.0,91.0,1115.4
hu,mohacs,45.993056,18.683056,15803.0,63.32,77.0,75.0,134.4
ua,gornyak,48.055696,37.373087,41285.0,71.15,57.0,3.0,637.8000000000001
cz,bor,49.713098,12.776297,7841.0,62.64,93.0,90.0,201.6
it,somma lombardo,45.683333,8.7,21007.0,69.6,56.0,38.0,201.6
ro,veresti,47.6,26.433333,34694.0,66.61,68.0,20.0,349.20000000000005
jp,makubetsu,45.371389,141.821111,21548.0,69.8,88.0,20.0,550.2
gb,birkenhead,53.4,-3.033333,12310.0,54.03,82.0,20.0,415.79999999999995
nl,zoetermeer,52.027803,4.512315,25750.0,62.37,93.0,97.0,483.00000000000006
nl,wateringen,52.023061,4.274782,25727.0,62.19,88.0,99.0,832.1999999999999
cz,mezimesti,50.626582,16.242148,8109.0,63.27,88.0,95.0,67.2
de,hille,52.333333,8.75,9025.0,67.03,52.0,75.0,550.2
ru,sosnovskiy,54.601011,73.165209,38278.0,86.0,30.0,40.0,134.4
cz,novy bydzov,50.2411,15.491409,8163.0,64.4,88.0,87.0,201.6
de,salzwedel,52.85,11.15,9571.0,68.23,68.0,75.0,282.0
gb,leighton buzzard,51.916667,-0.65,12708.0,55.72,93.0,75.0,684.6
by,malaryta,51.7833333,24.0833333,4386.0,69.8,64.0,77.0,402.6
be,kortrijk,50.833333,3.266667,1598.0,56.93,93.0,90.0,550.2
de,bockenem,52.016667,10.133333,8612.0,64.22,64.0,100.0,349.20000000000005
be,andenne,50.483333,5.1,1358.0,61.79,77.0,42.0,349.20000000000005
pl,pszow,50.03783,18.401537,31294.0,64.13,93.0,90.0,349.20000000000005
ru,zilair,52.2332,57.4392,39274.0,84.83,45.0,24.0,289.8
ru,mullovka,54.2,49.4,37111.0,73.4,64.0,20.0,670.8
ru,selenginsk,52.006389,106.864722,38020.0,66.2,37.0,75.0,1074.0
de,willich,51.266667,6.55,9863.0,65.7,82.0,57.0,201.6
ru,zhadovka,53.574644,46.949846,39245.0,60.4,91.0,92.0,632.4
cz,cesky brod,50.07358,14.858163,7884.0,64.22,93.0,40.0,282.0
ru,ekimchan,53.066667,132.966667,35799.0,90.05,29.0,23.0,132.6
pl,lancut,50.06819,22.228955,31174.0,63.61,93.0,99.0,134.4
de,hemer,51.383333,7.766667,8993.0,66.31,68.0,87.0,201.6
gb,buxton,53.25,-1.916667,12367.0,52.63,93.0,72.0,134.4
ru,aleksandrovskiy zavod,50.9237,117.9374,35115.0,61.86,85.0,89.0,283.2
fr,carvin,50.492985,2.96826,11477.0,57.52,93.0,90.0,550.2
ru,nizhniy mamon,50.1937,40.5083,37249.0,69.94,64.0,0.0,292.8
ru,izumrud,56.9701,61.4597,36084.0,89.6,43.0,20.0,537.0
gb,portknockie,57.683333,-2.85,12863.0,52.2,76.0,40.0,550.2
dk,billund,55.731157,9.113309,9930.0,63.3,88.0,100.0,282.0
lv,talsi,57.25,22.6,22670.0,71.6,64.0,94.0,67.2
ee,kaerepere,58.9655556,24.8436111,10437.0,67.44,68.0,72.0,134.4
gb,dufftown,57.433333,-3.133333,12481.0,52.54,76.0,40.0,550.2
ru,pirogovo,56.779589,53.149543,37655.0,66.0,88.0,95.0,240.0
gb,nairn,57.5,-3.833333,12790.0,52.9,76.0,40.0,684.6
gb,kirkconnel,55.383333,-4.0,12684.0,52.09,71.0,40.0,765.0
lv,rezekne,56.5,27.3166667,22654.0,67.69,67.0,100.0,165.0
ru,kolomna,55.079444,38.778333,36419.0,67.12,64.0,18.0,402.6
ru,batetskiy,58.646101,30.302677,35306.0,67.06,76.0,100.0,117.0
ru,pizhma,57.864183,47.117138,37663.0,67.21,85.0,100.0,369.0
ie,buncrana,55.1333333,-7.45,16606.0,52.02,80.0,67.0,606.5999999999999
ru,burevestnik,56.144029,43.788324,35531.0,62.56,93.0,90.0,268.2
ru,kytlym,59.500494,59.201595,36749.0,76.57,48.0,68.0,243.0
no,karlshus,59.35,10.866667,25901.0,60.44,93.0,100.0,765.0
ru,klyuchevsk,57.1216,60.9414,36392.0,89.6,43.0,20.0,537.0
se,kristianstad,56.033333,14.133333,39434.0,62.71,93.0,100.0,67.2
ee,haademeeste,58.0813889,24.5102778,10420.0,67.23,63.0,99.0,135.6
ru,yekaterinburg,56.8519,60.6122,39092.0,89.6,43.0,20.0,537.0
se,kinna,57.5,12.683333,39431.0,62.38,87.0,40.0,349.20000000000005
ru,poletayevo,55.0336,61.1138,37713.0,89.6,38.0,40.0,402.6
gb,inverness,57.466667,-4.233333,12641.0,53.02,76.0,40.0,684.6
ru,kochevo,59.599396,54.312481,36400.0,74.12,56.0,70.0,534.0
ru,vorsma,55.990622,43.272485,38985.0,62.6,93.0,90.0,268.2
ru,mendeleyevsk,55.908185,52.290472,37006.0,66.2,82.0,40.0,805.2
fi,ilmajoki,62.733333,22.566667,11229.0,70.36,64.0,19.0,415.79999999999995
ru,mikun,62.199384,49.942766,37036.0,71.53,52.0,0.0,331.8
ru,yerbogachen,61.276667,108.010833,39122.0,62.29,56.0,59.0,222.6
ru,zheleznodorozhnyy,62.589988,50.859388,39253.0,72.03,52.0,0.0,326.40000000000003
ru,mezhdurechensk,63.245556,48.553333,37016.0,69.26,49.0,0.0,283.2
fi,lapua,62.95,23.0,11259.0,70.38,64.0,13.0,415.79999999999995
no,dale,61.233333,6.1,25811.0,52.88,67.0,64.0,1033.1999999999998
fi,kerava,60.4,25.116667,11245.0,66.97,72.0,100.0,201.6
ru,kholodnyy,62.716667,147.95,36302.0,67.03,32.0,99.0,103.2
fi,rauma,61.133333,21.5,11288.0,69.8,73.0,23.0,349.20000000000005
fi,laukaa,62.416667,25.95,11260.0,68.79,64.0,75.0,282.0
no,kroderen,60.15,9.816667,25924.0,58.55,87.0,100.0,359.40000000000003
fo,vestmanna,62.15,-7.1666667,11328.0,48.2,87.0,79.0,832.1999999999999
no,nordfjordeid,61.9,6.0,25986.0,56.59,51.0,75.0,483.00000000000006
ru,usogorsk,63.410636,48.687225,38754.0,69.76,49.0,0.0,272.4
fi,valkeakoski,61.266667,24.033333,11305.0,68.02,72.0,65.0,349.20000000000005
fo,tvoroyri,61.55,-6.8,11326.0,48.2,87.0,47.0,832.1999999999999
fo,sandur,61.8333333,-6.8,11320.0,48.2,87.0,59.0,832.1999999999999
ru,zelenoborsk,61.466944,64.033333,39231.0,77.58,41.0,4.0,525.0
ru,mokhsogollokh,61.468056,128.920278,37066.0,75.2,54.0,99.0,244.20000000000002
fi,kirkkonummi,60.116667,24.433333,11247.0,66.79,72.0,98.0,201.6
se,sundsvall,62.383333,17.3,39480.0,66.07,72.0,94.0,349.20000000000005
no,eina,60.633333,10.6,25821.0,57.29,100.0,75.0,899.4
ru,zarya,60.0077,48.029571,39201.0,69.49,67.0,89.0,440.4
ru,yugorsk,61.313333,63.331944,39141.0,77.22,40.0,4.0,505.79999999999995
se,falun,60.6,15.633333,39414.0,64.83,77.0,94.0,415.79999999999995
ru,voznesenye,61.010599,35.478127,39006.0,68.65,52.0,40.0,192.0
ru,zapolyarnyy,67.483333,63.75,39189.0,58.8,64.0,89.0,1165.2
ru,deputatskiy,69.3,139.9,35687.0,61.14,47.0,100.0,724.8
ru,vidyayevo,68.883333,33.016667,38916.0,60.8,82.0,86.0,134.4
ru,zapolyarnyy,69.415408,30.813551,39190.0,55.4,93.0,91.0,550.2
ru,urengoy,65.966667,78.366667,38734.0,51.24,92.0,100.0,856.1999999999999
ru,verkhoyansk,67.544722,133.385,38898.0,73.4,59.0,97.0,366.6
ru,zasheyek,67.419523,32.536585,39203.0,67.73,65.0,76.0,370.2
ru,olenegorsk,68.140359,33.273705,37461.0,69.98,64.0,80.0,471.0
ru,naryan-mar,67.641793,53.043071,37153.0,61.7,57.0,0.0,393.0
ru,polyarnyy,69.198889,33.447778,37723.0,60.8,82.0,91.0,134.4
ru,loukhi,66.076158,33.047454,36859.0,72.63,53.0,52.0,308.4
no,terrak,65.083333,12.416667,26105.0,59.0,72.0,98.0,282.0
no,ornes,66.866667,13.7,25998.0,56.61,76.0,75.0,684.6
fi,kemijarvi,66.666667,27.416667,11242.0,61.81,79.0,95.0,502.19999999999993
no,loding,67.3,14.75,25947.0,57.42,76.0,75.0,684.6
fi,kuusamo,65.966667,29.183333,11255.0,66.2,72.0,90.0,483.00000000000006
no,kirkenes,69.725,30.051667,25906.0,55.4,93.0,83.0,550.2
ru,krasnoselkup,65.7,82.466667,36576.0,64.8,46.0,76.0,606.5999999999999
ru,khonuu,66.45,143.1,36308.0,66.49,50.0,100.0,338.4
ru,usinsk,65.950714,57.46847,38751.0,56.39,72.0,97.0,810.6
ru,skalistyy,69.255064,33.336161,38192.0,60.8,82.0,94.0,134.4
ru,afrikanda,67.442893,32.782792,35072.0,64.94,70.0,67.0,334.20000000000005
no,lodingen,68.407222,15.991944,25946.0,57.11,82.0,97.0,1650.6000000000001
no,finnsnes,69.233333,17.983333,25833.0,55.4,87.0,98.0,832.1999999999999
no,mo i rana,66.316667,14.166667,25971.0,55.89,87.0,75.0,134.4
ru,umba,66.687064,34.342915,38718.0,65.08,70.0,96.0,318.0
is,hvammstangi,65.4,-20.95,20023.0,44.58,83.0,84.0,335.4
no,havoysund,71.000556,24.696111,25867.0,59.0,77.0,77.0,1167.6000000000001
ca,clyde river,70.45,-68.566667,4540.0,37.4,100.0,90.0,134.4
ru,ust-kuyga,70.016667,135.6,38781.0,62.47,47.0,100.0,228.0
no,batsfjord,70.632222,29.699722,25787.0,57.18,74.0,78.0,453.59999999999997
ru,karaul,70.076667,83.191389,36189.0,48.81,79.0,100.0,483.00000000000006
no,honningsvag,70.983333,25.983333,25883.0,53.28,85.0,80.0,651.0
ru,dikson,73.506944,80.546389,35696.0,40.33,99.0,98.0,667.1999999999999
no,vardo,70.366667,31.1,26133.0,51.75,89.0,84.0,568.8000000000001
no,vadso,70.073056,29.769722,26126.0,55.4,93.0,87.0,550.2
no,mehamn,71.033333,27.85,25964.0,56.88,75.0,61.0,588.0
ru,nizhneyansk,71.433333,136.066667,37234.0,67.03,41.0,96.0,386.40000000000003
no,rypefjord,70.633333,23.666667,26025.0,59.0,77.0,86.0,1167.6000000000001
ru,khatanga,71.966667,102.5,36279.0,49.51,84.0,100.0,531.5999999999999
gl,illoqqortoormiut,70.4833333,-21.9666667,13223.0,42.78,65.0,77.0,245.39999999999998
no,skjervoy,70.033333,20.983333,26054.0,56.37,77.0,99.0,657.6
no,oksfjord,70.239167,22.371389,25992.0,60.39,82.0,86.0,765.0
ru,saskylakh,71.916667,114.083333,37998.0,54.5,57.0,65.0,675.0
ru,tiksi,71.687222,128.869444,38550.0,57.85,79.0,97.0,351.6
ru,belushya guba,71.539238,52.332117,35358.0,53.87,66.0,17.0,921.0
us,barrow,71.2905556,-156.7886111,42078.0,35.6,80.0,90.0,832.1999999999999
no,hammerfest,70.661667,23.688333,25862.0,59.0,77.0,86.0,1167.6000000000001
gl,upernavik,72.7833333,-56.1666667,13236.0,47.08,59.0,13.0,173.4
no,berlevag,70.85,29.1,25792.0,55.54,77.0,69.0,571.8
no,kjollefjord,70.933333,27.35,25907.0,54.86,81.0,66.0,522.0
ru,chokurdakh,70.633333,147.916667,35644.0,68.83,37.0,0.0,780.0
no,lakselv,70.05,24.933333,25930.0,60.8,77.0,77.0,1100.4
gl,qaanaaq,77.4894444,-69.3322222,13231.0,43.95,84.0,99.0,20.400000000000002
sj,longyearbyen,78.2166667,15.6333333,39614.0,44.6,93.0,75.0,483.00000000000006
sj,barentsburg,78.0666667,14.2333333,39613.0,44.6,93.0,75.0,483.00000000000006
gl,narsaq,77.3025,-68.8425,13228.0,44.96,69.0,79.0,139.8
cd,mangai,-4.05,19.533333,5185.0,70.7,56.0,85.0,114.0
ke,nairobi,-1.2833333,36.8166667,22034.0,55.76,82.0,75.0,262.8
tz,namanga,-2.55,36.7666667,41049.0,64.44,58.0,36.0,759.6
br,amontada,-3.383333,-39.833333,2326.0,72.72,84.0,36.0,260.4
br,cantanhede,-3.65,-44.4,2649.0,70.56,88.0,39.0,68.39999999999999
ec,calceta,-0.85,-80.1666667,10308.0,70.79,85.0,47.0,73.8
br,vargem grande,-3.55,-43.933333,4228.0,71.62,80.0,66.0,76.8
br,igarape-acu,-1.116667,-47.616667,3019.0,70.2,96.0,41.0,181.2
ke,ruiru,-1.15,36.9666667,22052.0,55.47,82.0,75.0,415.79999999999995
ke,bomet,-0.7833333,35.35,21968.0,59.47,63.0,43.0,405.59999999999997
pe,nauta,-4.5333333,-73.55,26713.0,71.56,96.0,45.0,106.2
ke,mombasa,-4.05,39.6666667,22029.0,78.8,74.0,20.0,832.1999999999999
ke,ahero,-0.1833333,34.9166667,21966.0,71.6,64.0,75.0,134.4
br,ocara,-4.483333,-38.616667,3506.0,72.32,73.0,67.0,275.4
tz,matui,-4.8,38.25,40995.0,65.52,72.0,52.0,484.8
ki,tabukiniberu,-1.35,175.9833333,22103.0,82.31,72.0,10.0,699.0
ec,quito,-0.2166667,-78.5,10374.0,50.22,81.0,75.0,67.2
br,barcelos,-1.0,-62.966667,2436.0,71.62,97.0,47.0,52.2
br,jose de freitas,-4.75,-42.583333,3224.0,78.8,65.0,45.0,201.6
tz,arusha,-3.3666667,36.6833333,40851.0,64.02,88.0,40.0,684.6
br,aguas belas,-9.116667,-37.116667,2276.0,63.3,98.0,34.0,189.0
br,caraubas,-5.53,-37.303056,2673.0,75.02,64.0,97.0,683.4000000000001
br,macaiba,-5.716667,-35.55,3293.0,68.88,100.0,62.0,282.0
br,capela,-9.416667,-36.066667,2655.0,68.0,100.0,40.0,282.0
br,sao joaquim do monte,-8.416667,-35.85,3970.0,64.42,97.0,23.0,300.59999999999997
pe,paita,-5.0841667,-81.1105556,26730.0,62.24,84.0,3.0,667.1999999999999
br,miracema do tocantins,-9.529167,-48.319722,3394.0,68.83,59.0,0.0,288.59999999999997
pe,santa rosa,-6.7666667,-79.8333333,26786.0,61.12,87.0,23.0,437.4
br,carolina,-7.333333,-47.466667,2692.0,68.0,82.0,11.0,134.4
br,lagoa nova,-6.1,-36.483333,3252.0,63.61,92.0,75.0,856.1999999999999
br,capoeiras,-8.75,-36.633333,2664.0,61.02,100.0,36.0,617.4
id,gresik,-7.153889,112.656111,16289.0,90.72,50.0,9.0,397.2
br,porto da folha,-9.916667,-37.283333,3719.0,67.55,93.0,40.0,283.2
br,goianinha,-6.266667,-35.2,2936.0,69.04,94.0,20.0,483.00000000000006
id,slawi,-6.9816,109.1407,16506.0,89.19,53.0,2.0,112.8
id,mertoyudan,-7.52,110.226389,16392.0,91.18,62.0,40.0,349.20000000000005
id,prigen,-7.6816,112.6393,16459.0,84.25,55.0,11.0,299.40000000000003
tz,kimamba,-6.7833333,37.1333333,40928.0,66.2,82.0,75.0,81.60000000000001
br,pitimbu,-7.466667,-34.8,3683.0,75.63,80.0,10.0,687.0
id,ciledug,-6.9142,108.7343,16245.0,88.63,53.0,3.0,336.6
pe,sicuani,-14.2694444,-71.2261111,26800.0,43.92,65.0,0.0,170.39999999999998
ws,salani,-14.0,-171.55,46493.0,77.0,94.0,75.0,349.20000000000005
br,alvorada,-12.47,-49.082222,2316.0,69.35,57.0,3.0,333.0
ws,vaisala,-13.4666667,-172.6166667,46514.0,81.95,76.0,46.0,1347.6000000000001
pe,azangaro,-14.9166667,-70.2166667,26590.0,35.35,79.0,0.0,138.0
pe,andahuaylas,-13.6605556,-73.3866667,26582.0,47.39,72.0,6.0,45.6
br,monte alegre de sergipe,-10.033333,-37.55,3418.0,64.92,98.0,22.0,369.0
ws,sasina,-13.45,-172.4333333,46502.0,77.0,94.0,75.0,349.20000000000005
br,itacare,-14.3,-39.0,3084.0,69.46,89.0,80.0,573.0
pe,san agustin,-11.9666667,-75.25,26767.0,43.14,75.0,1.0,46.800000000000004
br,corrente,-10.436111,-45.131111,2787.0,62.42,68.0,4.0,217.20000000000002
mw,chipoka,-13.9833333,34.5166667,23244.0,65.64,68.0,23.0,806.4
ws,afega,-13.8,-171.8166667,46468.0,77.0,94.0,75.0,349.20000000000005
br,muritiba,-12.916667,-39.25,3452.0,65.95,98.0,83.0,390.59999999999997
br,sao francisco do conde,-12.65,-38.683333,3941.0,77.0,78.0,75.0,684.6
tz,songea,-10.6833333,35.65,41093.0,59.0,72.0,20.0,684.6
br,formosa do rio preto,-11.046389,-45.059722,2903.0,65.79,65.0,5.0,435.0
pe,santa maria,-12.0,-76.9,26785.0,59.0,82.0,75.0,415.79999999999995
au,galiwinku,-12.02811,135.564865,839.0,79.65,64.0,23.0,750.0
br,ilheus,-14.816667,-39.033333,3032.0,69.13,87.0,72.0,481.79999999999995
mw,mwanza,-15.6166667,34.5166667,23261.0,61.14,85.0,92.0,206.4
na,opuwo,-18.0666667,13.85,25142.0,48.11,50.0,0.0,709.8
pe,coracora,-15.0333333,-73.7833333,26636.0,47.52,47.0,0.0,150.6
zm,kalomo,-17.05,26.5,46754.0,52.23,69.0,0.0,437.4
br,itamaraju,-17.066667,-39.533333,3100.0,61.36,94.0,12.0,130.2
br,capelinha,-17.7,-42.516667,2658.0,49.87,100.0,20.0,209.4
bo,san miguel,-16.7,-61.0166667,2228.0,68.11,61.0,0.0,268.2
br,barao de cocais,-19.933333,-43.466667,2429.0,55.4,82.0,20.0,95.4
bo,san matias,-16.3666667,-58.4,2227.0,73.53,55.0,0.0,283.2
br,cuiaba,-15.583333,-56.083333,2811.0,73.4,46.0,0.0,201.6
br,pirapora,-17.35,-44.933333,3671.0,55.04,86.0,0.0,148.8
bo,san rafael,-16.75,-60.5666667,2230.0,68.83,60.0,0.0,273.59999999999997
br,minas novas,-17.25,-42.6,3390.0,53.87,93.0,0.0,175.8
br,curvelo,-18.75,-44.416667,2822.0,55.04,87.0,0.0,264.6
br,iturama,-19.733333,-50.183333,3160.0,66.94,53.0,12.0,460.2
mg,tsaratanana,-16.7833333,47.65,22829.0,71.1,47.0,2.0,1000.2
bw,maun,-19.9833333,23.4166667,4335.0,51.8,57.0,0.0,684.6
br,santa teresa,-19.916667,-40.6,3894.0,66.09,93.0,75.0,201.6
br,almenara,-16.183333,-40.7,2298.0,61.43,83.0,31.0,182.4
zw,norton,-17.8833333,30.7,46827.0,50.0,81.0,0.0,349.20000000000005
br,ortigueira,-24.2,-50.916667,3521.0,57.65,96.0,0.0,189.0
mg,ambalavao,-21.6,47.0,22770.0,54.25,77.0,63.0,595.8
br,candido de abreu,-24.583333,-51.333333,2636.0,59.95,91.0,0.0,118.2
mu,port louis,-20.1619444,57.4988889,23199.0,72.36,64.0,75.0,899.4
br,ipora,-23.983333,-53.616667,3058.0,66.16,65.0,0.0,685.8
br,piraju,-23.2,-49.383333,3666.0,60.48,91.0,0.0,322.2
au,charters towers,-20.07671,146.263535,816.0,73.38,36.0,46.0,318.0
br,sao jose dos campos,-23.183333,-45.883333,3984.0,57.2,100.0,2.0,483.00000000000006
br,guaratingueta,-22.815156,-45.18923,2972.0,55.0,85.0,0.0,132.6
br,macae,-22.383333,-41.783333,3292.0,59.0,100.0,0.0,134.4
nc,canala,-21.5333333,165.95,25160.0,69.8,73.0,13.0,832.1999999999999
br,tambau,-21.7,-47.266667,4095.0,59.4,76.0,0.0,468.59999999999997
br,santo andre,-23.666667,-46.516667,3902.0,61.99,77.0,0.0,415.79999999999995
br,borborema,-21.616667,-49.066667,2523.0,65.39,62.0,9.0,420.0
br,matao,-21.583333,-48.366667,3363.0,63.23,68.0,1.0,565.2
br,castro,-24.783333,-50.0,2708.0,56.08,91.0,0.0,193.20000000000002
br,pariquera-acu,-24.716667,-47.883333,3584.0,59.79,98.0,13.0,76.8
br,alfredo chaves,-20.633333,-40.75,2294.0,66.09,93.0,75.0,201.6
br,suzano,-23.533333,-46.333333,4085.0,61.88,100.0,2.0,483.00000000000006
br,cajuru,-21.283333,-47.3,2591.0,58.6,82.0,0.0,390.59999999999997
br,guaraniacu,-25.1,-52.866667,2966.0,56.73,95.0,0.0,225.6
br,tijucas,-27.241111,-48.631389,4137.0,65.55,82.0,75.0,684.6
br,cacequi,-29.883333,-54.816667,2565.0,66.54,78.0,10.0,696.5999999999999
br,lauro muller,-28.4,-49.383333,3268.0,63.64,77.0,0.0,236.4
za,westonaria,-26.319055,27.648605,46727.0,44.69,48.0,0.0,244.20000000000002
py,caraguatay,-25.233333,-56.816667,31905.0,70.92,51.0,0.0,389.40000000000003
br,realeza,-25.783333,-53.516667,3770.0,62.1,84.0,0.0,310.2
br,novo hamburgo,-29.683333,-51.133333,3501.0,63.88,100.0,0.0,257.4
za,boksburg,-26.214953,28.254732,46556.0,46.4,48.0,0.0,205.2
br,lages,-27.8,-50.316667,3247.0,54.75,96.0,13.0,155.39999999999998
sz,bhunya,-26.55,31.0166667,40012.0,60.8,18.0,0.0,134.4
br,charqueadas,-29.966667,-51.633333,2733.0,64.56,100.0,1.0,88.8
ar,presidencia roque saenz pena,-26.785221,-60.438761,514.0,72.73,49.0,17.0,510.0
py,iturbe,-26.05,-56.483333,31949.0,67.98,60.0,0.0,386.40000000000003
br,campos novos,-27.4,-51.2,2627.0,55.92,97.0,1.0,204.0
br,palmas,-26.5,-52.0,3544.0,55.92,92.0,0.0,327.6
br,nova petropolis,-29.366667,-51.133333,3492.0,64.18,100.0,0.0,352.8
br,laguna,-28.483333,-48.783333,3257.0,63.03,89.0,0.0,781.1999999999999
br,forquilhinha,-28.75,-49.466667,2906.0,62.85,85.0,0.0,104.4
ls,mafeteng,-29.8166667,27.25,22350.0,40.87,54.0,0.0,168.0
za,grabouw,-34.151519,19.015091,46599.0,51.67,100.0,0.0,374.40000000000003
za,knysna,-34.036643,23.049704,46617.0,51.8,100.0,20.0,201.6
uy,fray bentos,-33.1325,-58.2955556,46199.0,64.99,81.0,64.0,240.0
ar,mercedes,-34.651455,-59.430676,503.0,56.34,98.0,100.0,240.0
uy,san jose,-34.3375,-56.7136111,46219.0,61.52,84.0,90.0,180.0
uy,san carlos,-34.8,-54.9166667,46218.0,62.91,100.0,100.0,201.6
au,bowral,-34.477501,150.420395,797.0,64.49,39.0,52.0,1033.1999999999998
au,griffith,-34.288528,146.050934,848.0,63.18,42.0,0.0,832.1999999999999
au,cessnock,-32.832111,151.356232,815.0,67.12,42.0,0.0,684.6
au,mildura,-34.185509,142.162506,889.0,63.27,39.0,40.0,899.4
ar,san pedro,-33.679127,-59.666635,534.0,57.0,99.0,58.0,119.4
ar,parana,-31.731967,-60.523802,511.0,68.83,70.0,24.0,300.59999999999997
ar,mendoza,-32.890845,-68.827171,502.0,48.2,76.0,40.0,201.6
au,narrabri,-30.32612,149.783707,906.0,67.57,34.0,0.0,617.4
uy,dolores,-33.5441667,-58.1972222,46196.0,64.99,81.0,54.0,240.0
za,oudtshoorn,-33.592343,22.205482,46653.0,51.8,100.0,20.0,201.6
cl,santa cruz,-34.633333,-71.366667,5707.0,55.4,87.0,40.0,483.00000000000006
za,ceres,-33.368892,19.310955,46570.0,48.43,49.0,0.0,193.20000000000002
ar,la plata,-34.921454,-57.954533,495.0,56.28,100.0,90.0,282.0
br,rosario do sul,-30.25,-54.916667,3831.0,66.02,78.0,17.0,641.4
nz,bombay,-37.166667,174.983333,26193.0,57.9,67.0,15.0,483.00000000000006
au,murray bridge,-35.119862,139.273453,901.0,55.22,72.0,14.0,719.4
ar,dolores,-36.313215,-57.679185,485.0,56.66,97.0,100.0,487.19999999999993
cl,arauco,-37.25,-73.316667,5629.0,53.6,93.0,98.0,617.4
cl,bulnes,-36.733333,-72.3,5632.0,53.47,100.0,90.0,966.5999999999999
nz,tairua,-37.016667,175.85,26291.0,57.99,78.0,52.0,60.6
nz,coromandel,-36.766667,175.5,26199.0,58.69,67.0,41.0,483.00000000000006
au,castlemaine,-37.067089,144.216843,814.0,50.23,94.0,58.0,359.40000000000003
au,warrnambool,-38.38176,142.487991,954.0,48.0,86.0,72.0,600.0
au,somerville,-38.216667,145.166667,935.0,55.96,86.0,47.0,480.59999999999997
cl,valdivia,-39.8,-73.233333,5719.0,50.0,100.0,75.0,201.6
cl,panguipulli,-39.633333,-72.333333,5686.0,49.41,100.0,75.0,201.6
au,albany,-35.003101,117.865952,778.0,59.0,62.0,90.0,415.79999999999995
nz,otane,-39.883333,176.633333,26261.0,48.99,87.0,84.0,359.40000000000003
cl,lota,-37.083333,-73.166667,5675.0,53.6,93.0,99.0,617.4
nz,katikati,-37.55,175.916667,26224.0,56.84,78.0,2.0,60.6
nz,wanganui,-39.933333,175.05,26324.0,51.78,72.0,96.0,300.59999999999997
cl,villarrica,-39.266667,-72.216667,5726.0,49.44,100.0,20.0,282.0
nz,waiouru,-39.483333,175.666667,26314.0,42.1,89.0,86.0,257.4
nz,kerepehi,-37.3,175.533333,26228.0,57.72,66.0,20.0,300.59999999999997
nz,hokitika,-42.716667,170.966667,26217.0,51.94,79.0,94.0,226.79999999999998
cl,puerto montt,-41.469848,-72.944745,5691.0,50.0,93.0,90.0,684.6
nz,foxton,-40.466667,175.3,26208.0,51.39,81.0,97.0,240.0
nz,lower hutt,-41.216667,174.916667,26233.0,50.68,87.0,78.0,67.2
nz,porirua,-41.133333,174.85,26275.0,50.85,87.0,74.0,67.2
nz,havelock,-41.283333,173.766667,26214.0,52.32,95.0,97.0,240.0
nz,amberley,-43.166667,172.733333,26188.0,49.98,93.0,37.0,832.1999999999999
nz,woodend,-43.316667,172.666667,26335.0,49.3,93.0,26.0,832.1999999999999
nz,hanmer springs,-42.516667,172.816667,26212.0,46.63,79.0,99.0,300.59999999999997
nz,wanaka,-44.7,169.15,26323.0,35.01,83.0,0.0,60.6
au,new norfolk,-42.78075,147.059387,910.0,54.14,50.0,40.0,617.4
nz,leeston,-43.766667,172.3,26230.0,48.52,93.0,49.0,832.1999999999999
nz,oxford,-43.3,172.183333,26265.0,48.54,93.0,7.0,832.1999999999999
nz,pareora,-44.5,171.2,26271.0,46.99,97.0,51.0,394.8
cl,calbuco,-41.768011,-73.127296,5636.0,50.0,93.0,90.0,684.6
nz,christchurch,-43.533333,172.633333,26197.0,49.33,93.0,36.0,832.1999999999999
nz,takaka,-40.85,172.8,26292.0,55.44,73.0,97.0,420.0
nz,sefton,-43.25,172.666667,26289.0,49.39,93.0,24.0,832.1999999999999
nz,greymouth,-42.466667,171.2,26210.0,51.26,79.0,91.0,174.60000000000002
nz,darfield,-43.483333,172.116667,26200.0,48.27,93.0,23.0,832.1999999999999
nz,ranfurly,-45.133333,170.1,26278.0,35.51,90.0,0.0,216.0
nz,riverton,-46.35,168.016667,26281.0,39.0,83.0,24.0,180.0
nz,invercargill,-46.4,168.35,26219.0,39.0,83.0,11.0,180.0
nz,edendale,-46.316667,168.783333,26204.0,39.0,83.0,0.0,180.0
cl,coihaique,-45.566667,-72.066667,5645.0,32.0,95.0,90.0,201.6
nz,waitati,-45.75,170.566667,26319.0,47.53,87.0,2.0,1260.0
nz,balclutha,-46.233889,169.75,26191.0,39.83,89.0,0.0,112.8
nz,wallacetown,-46.333333,168.266667,26322.0,39.0,83.0,10.0,180.0
nz,kaitangata,-46.275,169.85,26221.0,46.99,91.0,0.0,240.0
nz,te anau,-45.416667,167.716667,26297.0,42.55,85.0,1.0,115.19999999999999
nz,otautau,-46.15,168.0,26262.0,39.0,83.0,13.0,180.0
nz,clyde,-45.183333,169.316667,26198.0,34.03,83.0,0.0,60.6
nz,wyndham,-46.333333,168.85,26336.0,39.0,83.0,0.0,180.0
nz,tuatapere,-46.133333,167.683333,26307.0,39.0,83.0,22.0,180.0
nz,dunedin,-45.866667,170.5,26203.0,47.44,91.0,1.0,240.0
nz,winton,-46.15,168.333333,26334.0,39.0,83.0,2.0,180.0
nz,bluff,-46.6,168.333333,26192.0,39.0,83.0,27.0,180.0
nz,milton,-46.120833,169.969444,26244.0,47.43,91.0,0.0,240.0
nz,outram,-45.866667,170.233333,26264.0,47.48,91.0,0.0,240.0
ar,comodoro rivadavia,-45.864135,-67.496558,480.0,42.8,87.0,90.0,201.6
ar,rio gallegos,-51.622613,-69.218127,522.0,30.2,92.0,20.0,550.2
cl,punta arenas,-53.15,-70.916667,5693.0,33.39,80.0,97.0,966.5999999999999
ar,ushuaia,-54.8,-68.3,547.0,30.2,100.0,90.0,415.79999999999995
